{
  "version": "36.0.0",
  "files": {
    "1cf944a548fe45ee60061c223b0667f8fc0d216a77a8a1655e0508e761d5461c": {
      "source": {
        "path": "asset.1cf944a548fe45ee60061c223b0667f8fc0d216a77a8a1655e0508e761d5461c.py",
        "packaging": "file"
      },
      "destinations": {
        "080266302756-us-east-1": {
          "bucketName": "cdk-hnb659fds-assets-080266302756-us-east-1",
          "objectKey": "1cf944a548fe45ee60061c223b0667f8fc0d216a77a8a1655e0508e761d5461c.py",
          "region": "us-east-1",
          "assumeRoleArn": "arn:${AWS::Partition}:iam::080266302756:role/cdk-hnb659fds-file-publishing-role-080266302756-us-east-1"
        }
      }
    },
    "90f0e90b50e690c54766e67409e7ac0cb6f1f28b52cbf7cfee0696167ed8abde": {
      "source": {
        "path": "asset.90f0e90b50e690c54766e67409e7ac0cb6f1f28b52cbf7cfee0696167ed8abde",
        "packaging": "zip"
      },
      "destinations": {
        "080266302756-us-east-1": {
          "bucketName": "cdk-hnb659fds-assets-080266302756-us-east-1",
          "objectKey": "90f0e90b50e690c54766e67409e7ac0cb6f1f28b52cbf7cfee0696167ed8abde.zip",
          "region": "us-east-1",
          "assumeRoleArn": "arn:${AWS::Partition}:iam::080266302756:role/cdk-hnb659fds-file-publishing-role-080266302756-us-east-1"
        }
      }
    },
    "6bccc05e19d9447f7a54f56c151617488fb0033de4683eae30eb1ce4248ab929": {
      "source": {
        "path": "GlueS3Stack.template.json",
        "packaging": "file"
      },
      "destinations": {
        "080266302756-us-east-1": {
          "bucketName": "cdk-hnb659fds-assets-080266302756-us-east-1",
          "objectKey": "6bccc05e19d9447f7a54f56c151617488fb0033de4683eae30eb1ce4248ab929.json",
          "region": "us-east-1",
          "assumeRoleArn": "arn:${AWS::Partition}:iam::080266302756:role/cdk-hnb659fds-file-publishing-role-080266302756-us-east-1"
        }
      }
    }
  },
  "dockerImages": {}
}