"mfp_dtl_id","ndc_cd","mfp_eff_dt","mfp_end_dt","mfp_per_unit","asof_dt","insert_user_id","insert_ts","update_user_id","update_ts","ipay_year","drug_id","drug_name","active_ingredient","ndc_9","xref_ndc_11","mfp_per_30","mfp_per_pkg","type_of_update","remarks"
439,"00003089331",2026-01-01,,4.145072,2024-08-15,-1,2025-05-19 20:00:33.982,,,"2026",D2601,ELIQUIS,APIXABAN,"000030893",,231.000000,414.510000,Added,Added alongside IPAY2026 MFP announcement
440,"00003089341",2026-01-01,,4.145072,2024-08-15,-1,2025-05-19 20:00:34.297,,,"2026",D2601,ELIQUIS,APIXABAN,"000030893",,231.000000,746.110000,Added,Added alongside IPAY2026 MFP announcement
441,"00003089421",2026-01-01,,4.145072,2024-08-15,-1,2025-05-19 20:00:34.521,,,"2026",D2601,ELIQUIS,APIXABAN,"000030894",,231.000000,248.700000,Added,Added alongside IPAY2026 MFP announcement
442,"00003089431",2026-01-01,,4.145072,2024-08-15,-1,2025-05-19 20:00:34.767,,,"2026",D2601,ELIQUIS,APIXABAN,"000030894",,231.000000,414.510000,Added,Added alongside IPAY2026 MFP announcement
443,"00003089441",2026-01-01,,4.145072,2024-08-15,-1,2025-05-19 20:00:34.999,,,"2026",D2601,ELIQUIS,APIXABAN,"000030894",,231.000000,746.110000,Added,Added alongside IPAY2026 MFP announcement
444,"00003089470",2026-01-01,,4.145072,2024-08-15,-1,2025-05-19 20:00:35.243,,,"2026",D2601,ELIQUIS,APIXABAN,"000030894",,231.000000,306.740000,Added,Added alongside IPAY2026 MFP announcement
445,"00003376474",2026-01-01,,4.145072,2024-08-15,-1,2025-05-19 20:00:35.593,,,"2026",D2601,ELIQUIS,APIXABAN,"000033764",,231.000000,306.740000,Added,Added alongside IPAY2026 MFP announcement
446,"58406001001",2026-01-01,,583.587064,2024-08-15,-1,2025-05-19 20:00:35.835,,,"2026",D2602,ENBREL,ETANERCEPT,"584060010",,2355.000000,291.790000,Added,Added alongside IPAY2026 MFP announcement
447,"58406001004",2026-01-01,,583.587064,2024-08-15,-1,2025-05-19 20:00:36.085,,,"2026",D2602,ENBREL,ETANERCEPT,"584060010",,2355.000000,1167.170000,Added,Added alongside IPAY2026 MFP announcement
448,"58406002101",2026-01-01,,583.621067,2024-08-15,-1,2025-05-19 20:00:36.311,,,"2026",D2602,ENBREL,ETANERCEPT,"584060021",,2355.000000,583.620000,Added,Added alongside IPAY2026 MFP announcement
449,"58406002104",2026-01-01,,583.621067,2024-08-15,-1,2025-05-19 20:00:36.548,,,"2026",D2602,ENBREL,ETANERCEPT,"584060021",,2355.000000,2334.480000,Added,Added alongside IPAY2026 MFP announcement
450,"58406003201",2026-01-01,,583.766898,2024-08-15,-1,2025-05-19 20:00:36.808,,,"2026",D2602,ENBREL,ETANERCEPT,"584060032",,2355.000000,583.770000,Added,Added alongside IPAY2026 MFP announcement
451,"58406003204",2026-01-01,,583.766898,2024-08-15,-1,2025-05-19 20:00:37.035,,,"2026",D2602,ENBREL,ETANERCEPT,"584060032",,2355.000000,2335.070000,Added,Added alongside IPAY2026 MFP announcement
452,"58406004401",2026-01-01,,583.542345,2024-08-15,-1,2025-05-19 20:00:37.279,,,"2026",D2602,ENBREL,ETANERCEPT,"584060044",,2355.000000,583.540000,Added,Added alongside IPAY2026 MFP announcement
453,"58406004404",2026-01-01,,583.542345,2024-08-15,-1,2025-05-19 20:00:37.504,,,"2026",D2602,ENBREL,ETANERCEPT,"584060044",,2355.000000,2334.170000,Added,Added alongside IPAY2026 MFP announcement
454,"58406005504",2026-01-01,,582.442177,2024-08-15,-1,2025-05-19 20:00:37.778,,,"2026",D2602,ENBREL,ETANERCEPT,"584060055",,2355.000000,1164.880000,Added,Added alongside IPAY2026 MFP announcement
455,"58406042534",2026-01-01,,288.304001,2024-08-15,-1,2025-05-19 20:00:38.006,,,"2026",D2602,ENBREL,ETANERCEPT,"584060425",,2355.000000,1153.220000,Added,Added alongside IPAY2026 MFP announcement
456,"58406042541",2026-01-01,,288.304001,2024-08-15,-1,2025-05-19 20:00:38.249,,,"2026",D2602,ENBREL,ETANERCEPT,"584060425",,2355.000000,288.300000,Added,Added alongside IPAY2026 MFP announcement
457,"58406043501",2026-01-01,,583.621067,2024-08-15,-1,2025-05-19 20:00:38.478,,,"2026",D2602,ENBREL,ETANERCEPT,"584060435",,2355.000000,571.950000,Added,Added alongside IPAY2026 MFP announcement
458,"58406043504",2026-01-01,,583.621067,2024-08-15,-1,2025-05-19 20:00:38.713,,,"2026",D2602,ENBREL,ETANERCEPT,"584060435",,2355.000000,2287.790000,Added,Added alongside IPAY2026 MFP announcement
459,"58406044501",2026-01-01,,583.766898,2024-08-15,-1,2025-05-19 20:00:38.938,,,"2026",D2602,ENBREL,ETANERCEPT,"584060445",,2355.000000,572.090000,Added,Added alongside IPAY2026 MFP announcement
460,"58406044504",2026-01-01,,583.766898,2024-08-15,-1,2025-05-19 20:00:39.191,,,"2026",D2602,ENBREL,ETANERCEPT,"584060445",,2355.000000,2288.370000,Added,Added alongside IPAY2026 MFP announcement
461,"58406044601",2026-01-01,,583.766898,2024-08-15,-1,2025-05-19 20:00:39.420,,,"2026",D2602,ENBREL,ETANERCEPT,"584060446",,2355.000000,583.770000,Added,Added alongside IPAY2026 MFP announcement
462,"58406044604",2026-01-01,,583.766898,2024-08-15,-1,2025-05-19 20:00:39.679,,,"2026",D2602,ENBREL,ETANERCEPT,"584060446",,2355.000000,2335.070000,Added,Added alongside IPAY2026 MFP announcement
463,"58406045501",2026-01-01,,583.587064,2024-08-15,-1,2025-05-19 20:00:39.914,,,"2026",D2602,ENBREL,ETANERCEPT,"584060455",,2355.000000,297.630000,Added,Added alongside IPAY2026 MFP announcement
464,"58406045504",2026-01-01,,583.587064,2024-08-15,-1,2025-05-19 20:00:40.145,,,"2026",D2602,ENBREL,ETANERCEPT,"584060455",,2355.000000,1190.520000,Added,Added alongside IPAY2026 MFP announcement
465,"58406045601",2026-01-01,,583.542345,2024-08-15,-1,2025-05-19 20:00:40.372,,,"2026",D2602,ENBREL,ETANERCEPT,"584060456",,2355.000000,571.870000,Added,Added alongside IPAY2026 MFP announcement
466,"58406045604",2026-01-01,,583.542345,2024-08-15,-1,2025-05-19 20:00:40.634,,,"2026",D2602,ENBREL,ETANERCEPT,"584060456",,2355.000000,2287.490000,Added,Added alongside IPAY2026 MFP announcement
467,"00078065920",2026-01-01,,5.226585,2024-08-15,-1,2025-05-19 20:00:40.861,,,"2026",D2603,ENTRESTO,VALSARTAN / SACUBITRILAT,"000780659",,295.000000,313.600000,Added,Added alongside IPAY2026 MFP announcement
468,"00078065935",2026-01-01,,5.226585,2024-08-15,-1,2025-05-19 20:00:41.098,,,"2026",D2603,ENTRESTO,VALSARTAN / SACUBITRILAT,"000780659",,295.000000,522.660000,Added,Added alongside IPAY2026 MFP announcement
469,"00078065961",2026-01-01,,5.226585,2024-08-15,-1,2025-05-19 20:00:41.334,,,"2026",D2603,ENTRESTO,VALSARTAN / SACUBITRILAT,"000780659",,295.000000,5.230000,Added,Added alongside IPAY2026 MFP announcement
470,"00078065967",2026-01-01,,5.226585,2024-08-15,-1,2025-05-19 20:00:41.587,,,"2026",D2603,ENTRESTO,VALSARTAN / SACUBITRILAT,"000780659",,295.000000,940.790000,Added,Added alongside IPAY2026 MFP announcement
471,"00078069620",2026-01-01,,5.225027,2024-08-15,-1,2025-05-19 20:00:41.818,,,"2026",D2603,ENTRESTO,VALSARTAN / SACUBITRILAT,"000780696",,295.000000,313.500000,Added,Added alongside IPAY2026 MFP announcement
472,"00078069635",2026-01-01,,5.225027,2024-08-15,-1,2025-05-19 20:00:42.044,,,"2026",D2603,ENTRESTO,VALSARTAN / SACUBITRILAT,"000780696",,295.000000,522.500000,Added,Added alongside IPAY2026 MFP announcement
473,"00078069661",2026-01-01,,5.225027,2024-08-15,-1,2025-05-19 20:00:42.302,,,"2026",D2603,ENTRESTO,VALSARTAN / SACUBITRILAT,"000780696",,295.000000,5.230000,Added,Added alongside IPAY2026 MFP announcement
474,"00078069667",2026-01-01,,5.225027,2024-08-15,-1,2025-05-19 20:00:42.528,,,"2026",D2603,ENTRESTO,VALSARTAN / SACUBITRILAT,"000780696",,295.000000,940.500000,Added,Added alongside IPAY2026 MFP announcement
475,"00078077720",2026-01-01,,5.225405,2024-08-15,-1,2025-05-19 20:00:42.760,,,"2026",D2603,ENTRESTO,VALSARTAN / SACUBITRILAT,"000780777",,295.000000,313.520000,Added,Added alongside IPAY2026 MFP announcement
476,"00078077735",2026-01-01,,5.225405,2024-08-15,-1,2025-05-19 20:00:42.985,,,"2026",D2603,ENTRESTO,VALSARTAN / SACUBITRILAT,"000780777",,295.000000,522.540000,Added,Added alongside IPAY2026 MFP announcement
477,"00078077761",2026-01-01,,5.225405,2024-08-15,-1,2025-05-19 20:00:43.225,,,"2026",D2603,ENTRESTO,VALSARTAN / SACUBITRILAT,"000780777",,295.000000,5.230000,Added,Added alongside IPAY2026 MFP announcement
478,"00078077767",2026-01-01,,5.225405,2024-08-15,-1,2025-05-19 20:00:43.454,,,"2026",D2603,ENTRESTO,VALSARTAN / SACUBITRILAT,"000780777",,295.000000,940.570000,Added,Added alongside IPAY2026 MFP announcement
479,"00078123120",2026-01-01,,1.229167,2024-08-15,-1,2025-05-19 20:00:43.709,,,"2026",D2603,ENTRESTO,VALSARTAN / SACUBITRILAT,"000781231",,295.000000,73.750000,Added,Added alongside IPAY2026 MFP announcement
480,"00078123820",2026-01-01,,1.229167,2024-08-15,-1,2025-05-19 20:00:43.943,,,"2026",D2603,ENTRESTO,VALSARTAN / SACUBITRILAT,"000781238",,295.000000,73.750000,Added,Added alongside IPAY2026 MFP announcement
481,"71610080632",2026-01-01,,5.225405,2024-08-15,-1,2025-05-19 20:00:44.192,,,"2026",D2603,ENTRESTO,VALSARTAN / SACUBITRILAT,"716100806",,295.000000,4075.820000,Added,Added alongside IPAY2026 MFP announcement
482,"71610080737",2026-01-01,,5.225027,2024-08-15,-1,2025-05-19 20:00:44.421,,,"2026",D2603,ENTRESTO,VALSARTAN / SACUBITRILAT,"716100807",,295.000000,16302.080000,Added,Added alongside IPAY2026 MFP announcement
483,"71610081032",2026-01-01,,5.226585,2024-08-15,-1,2025-05-19 20:00:44.666,,,"2026",D2603,ENTRESTO,VALSARTAN / SACUBITRILAT,"716100810",,295.000000,4076.740000,Added,Added alongside IPAY2026 MFP announcement
484,"00003142711",2026-01-01,,6.052894,2024-08-15,-1,2025-05-19 20:00:44.890,,,"2026",D2604,FARXIGA,DAPAGLIFLOZIN,"000031427",,178.500000,181.590000,Added,Added alongside IPAY2026 MFP announcement
485,"00003142712",2026-01-01,,6.052894,2024-08-15,-1,2025-05-19 20:00:45.120,,,"2026",D2604,FARXIGA,DAPAGLIFLOZIN,"000031427",,178.500000,544.760000,Added,Added alongside IPAY2026 MFP announcement
486,"00003142713",2026-01-01,,6.052894,2024-08-15,-1,2025-05-19 20:00:45.358,,,"2026",D2604,FARXIGA,DAPAGLIFLOZIN,"000031427",,178.500000,3026.450000,Added,Added alongside IPAY2026 MFP announcement
487,"00003142714",2026-01-01,,6.052894,2024-08-15,-1,2025-05-19 20:00:45.597,,,"2026",D2604,FARXIGA,DAPAGLIFLOZIN,"000031427",,178.500000,605.290000,Added,Added alongside IPAY2026 MFP announcement
488,"00003142791",2026-01-01,,6.052894,2024-08-15,-1,2025-05-19 20:00:45.829,,,"2026",D2604,FARXIGA,DAPAGLIFLOZIN,"000031427",,178.500000,42.370000,Added,Added alongside IPAY2026 MFP announcement
489,"00003142811",2026-01-01,,6.052894,2024-08-15,-1,2025-05-19 20:00:46.056,,,"2026",D2604,FARXIGA,DAPAGLIFLOZIN,"000031428",,178.500000,181.590000,Added,Added alongside IPAY2026 MFP announcement
490,"00003142812",2026-01-01,,6.052894,2024-08-15,-1,2025-05-19 20:00:46.311,,,"2026",D2604,FARXIGA,DAPAGLIFLOZIN,"000031428",,178.500000,544.760000,Added,Added alongside IPAY2026 MFP announcement
491,"00003142813",2026-01-01,,6.052894,2024-08-15,-1,2025-05-19 20:00:46.536,,,"2026",D2604,FARXIGA,DAPAGLIFLOZIN,"000031428",,178.500000,3026.450000,Added,Added alongside IPAY2026 MFP announcement
492,"00003142814",2026-01-01,,6.052894,2024-08-15,-1,2025-05-19 20:00:46.783,,,"2026",D2604,FARXIGA,DAPAGLIFLOZIN,"000031428",,178.500000,605.290000,Added,Added alongside IPAY2026 MFP announcement
493,"00003142891",2026-01-01,,6.052894,2024-08-15,-1,2025-05-19 20:00:47.020,,,"2026",D2604,FARXIGA,DAPAGLIFLOZIN,"000031428",,178.500000,42.370000,Added,Added alongside IPAY2026 MFP announcement
494,"00310620530",2026-01-01,,6.052894,2024-08-15,-1,2025-05-19 20:00:47.250,,,"2026",D2604,FARXIGA,DAPAGLIFLOZIN,"003106205",,178.500000,181.590000,Added,Added alongside IPAY2026 MFP announcement
495,"00310620590",2026-01-01,,6.052894,2024-08-15,-1,2025-05-19 20:00:47.475,,,"2026",D2604,FARXIGA,DAPAGLIFLOZIN,"003106205",,178.500000,544.760000,Added,Added alongside IPAY2026 MFP announcement
496,"00310621030",2026-01-01,,6.052894,2024-08-15,-1,2025-05-19 20:00:47.712,,,"2026",D2604,FARXIGA,DAPAGLIFLOZIN,"003106210",,178.500000,181.590000,Added,Added alongside IPAY2026 MFP announcement
497,"00310621039",2026-01-01,,6.052894,2024-08-15,-1,2025-05-19 20:00:47.938,,,"2026",D2604,FARXIGA,DAPAGLIFLOZIN,"003106210",,178.500000,181.590000,Added,Added alongside IPAY2026 MFP announcement
498,"00310621090",2026-01-01,,6.052894,2024-08-15,-1,2025-05-19 20:00:48.184,,,"2026",D2604,FARXIGA,DAPAGLIFLOZIN,"003106210",,178.500000,544.760000,Added,Added alongside IPAY2026 MFP announcement
499,"66993045630",2026-01-01,,6.052894,2024-08-15,-1,2025-05-19 20:00:48.421,,,"2026",D2604,FARXIGA,DAPAGLIFLOZIN,"669930456",,178.500000,181.590000,Added,Added alongside IPAY2026 MFP announcement
500,"66993045730",2026-01-01,,6.052894,2024-08-15,-1,2025-05-19 20:00:48.661,,,"2026",D2604,FARXIGA,DAPAGLIFLOZIN,"669930457",,178.500000,181.590000,Added,Added alongside IPAY2026 MFP announcement
501,"57962000712",2026-01-01,,59.130971,2024-08-15,-1,2025-05-19 20:00:48.916,,,"2026",D2605,IMBRUVICA,IBRUTINIB,"579620007",,9319.000000,6386.140000,Added,Added alongside IPAY2026 MFP announcement
502,"57962001428",2026-01-01,,353.928391,2024-08-15,-1,2025-05-19 20:00:49.143,,,"2026",D2605,IMBRUVICA,IBRUTINIB,"579620014",,9319.000000,9909.990000,Added,Added alongside IPAY2026 MFP announcement
503,"57962007028",2026-01-01,,354.002614,2024-08-15,-1,2025-05-19 20:00:49.369,,,"2026",D2605,IMBRUVICA,IBRUTINIB,"579620070",,9319.000000,9912.070000,Added,Added alongside IPAY2026 MFP announcement
504,"57962014009",2026-01-01,,118.000977,2024-08-15,-1,2025-05-19 20:00:49.595,,,"2026",D2605,IMBRUVICA,IBRUTINIB,"579620140",,9319.000000,10620.090000,Added,Added alongside IPAY2026 MFP announcement
505,"57962014012",2026-01-01,,118.000977,2024-08-15,-1,2025-05-19 20:00:49.829,,,"2026",D2605,IMBRUVICA,IBRUTINIB,"579620140",,9319.000000,14160.120000,Added,Added alongside IPAY2026 MFP announcement
506,"57962028028",2026-01-01,,353.939996,2024-08-15,-1,2025-05-19 20:00:50.052,,,"2026",D2605,IMBRUVICA,IBRUTINIB,"579620280",,9319.000000,9910.320000,Added,Added alongside IPAY2026 MFP announcement
507,"57962042028",2026-01-01,,353.977199,2024-08-15,-1,2025-05-19 20:00:50.311,,,"2026",D2605,IMBRUVICA,IBRUTINIB,"579620420",,9319.000000,9911.360000,Added,Added alongside IPAY2026 MFP announcement
508,"57962056028",2026-01-01,,353.963176,2024-08-15,-1,2025-05-19 20:00:50.537,,,"2026",D2605,IMBRUVICA,IBRUTINIB,"579620560",,9319.000000,9910.970000,Added,Added alongside IPAY2026 MFP announcement
509,"00006011201",2026-01-01,,3.907885,2024-08-15,-1,2025-05-19 20:00:50.767,,,"2026",D2606,JANUVIA,SITAGLIPTIN,"000060112",,113.000000,3.910000,Added,Added alongside IPAY2026 MFP announcement
510,"00006011228",2026-01-01,,3.907885,2024-08-15,-1,2025-05-19 20:00:51.001,,,"2026",D2606,JANUVIA,SITAGLIPTIN,"000060112",,113.000000,390.790000,Added,Added alongside IPAY2026 MFP announcement
511,"00006011231",2026-01-01,,3.907885,2024-08-15,-1,2025-05-19 20:00:51.245,,,"2026",D2606,JANUVIA,SITAGLIPTIN,"000060112",,113.000000,117.240000,Added,Added alongside IPAY2026 MFP announcement
512,"00006011254",2026-01-01,,3.907885,2024-08-15,-1,2025-05-19 20:00:51.470,,,"2026",D2606,JANUVIA,SITAGLIPTIN,"000060112",,113.000000,351.710000,Added,Added alongside IPAY2026 MFP announcement
513,"00006022101",2026-01-01,,3.907885,2024-08-15,-1,2025-05-19 20:00:51.711,,,"2026",D2606,JANUVIA,SITAGLIPTIN,"000060221",,113.000000,3.910000,Added,Added alongside IPAY2026 MFP announcement
514,"00006022128",2026-01-01,,3.907885,2024-08-15,-1,2025-05-19 20:00:51.936,,,"2026",D2606,JANUVIA,SITAGLIPTIN,"000060221",,113.000000,390.790000,Added,Added alongside IPAY2026 MFP announcement
515,"00006022131",2026-01-01,,3.907885,2024-08-15,-1,2025-05-19 20:00:52.199,,,"2026",D2606,JANUVIA,SITAGLIPTIN,"000060221",,113.000000,117.240000,Added,Added alongside IPAY2026 MFP announcement
516,"00006022154",2026-01-01,,3.907885,2024-08-15,-1,2025-05-19 20:00:52.434,,,"2026",D2606,JANUVIA,SITAGLIPTIN,"000060221",,113.000000,351.710000,Added,Added alongside IPAY2026 MFP announcement
517,"00006027701",2026-01-01,,3.907885,2024-08-15,-1,2025-05-19 20:00:52.685,,,"2026",D2606,JANUVIA,SITAGLIPTIN,"000060277",,113.000000,3.910000,Added,Added alongside IPAY2026 MFP announcement
518,"00006027702",2026-01-01,,3.907885,2024-08-15,-1,2025-05-19 20:00:52.917,,,"2026",D2606,JANUVIA,SITAGLIPTIN,"000060277",,113.000000,117.240000,Added,Added alongside IPAY2026 MFP announcement
519,"00006027714",2026-01-01,,3.907885,2024-08-15,-1,2025-05-19 20:00:53.148,,,"2026",D2606,JANUVIA,SITAGLIPTIN,"000060277",,113.000000,54.710000,Added,Added alongside IPAY2026 MFP announcement
520,"00006027727",2026-01-01,,3.907885,2024-08-15,-1,2025-05-19 20:00:53.393,,,"2026",D2606,JANUVIA,SITAGLIPTIN,"000060277",,113.000000,109.420000,Added,Added alongside IPAY2026 MFP announcement
521,"00006027728",2026-01-01,,3.907885,2024-08-15,-1,2025-05-19 20:00:53.650,,,"2026",D2606,JANUVIA,SITAGLIPTIN,"000060277",,113.000000,390.790000,Added,Added alongside IPAY2026 MFP announcement
522,"00006027730",2026-01-01,,3.907885,2024-08-15,-1,2025-05-19 20:00:53.873,,,"2026",D2606,JANUVIA,SITAGLIPTIN,"000060277",,113.000000,117.240000,Added,Added alongside IPAY2026 MFP announcement
523,"00006027731",2026-01-01,,3.907885,2024-08-15,-1,2025-05-19 20:00:54.101,,,"2026",D2606,JANUVIA,SITAGLIPTIN,"000060277",,113.000000,117.240000,Added,Added alongside IPAY2026 MFP announcement
524,"00006027733",2026-01-01,,3.907885,2024-08-15,-1,2025-05-19 20:00:54.348,,,"2026",D2606,JANUVIA,SITAGLIPTIN,"000060277",,113.000000,117.240000,Added,Added alongside IPAY2026 MFP announcement
525,"00006027754",2026-01-01,,3.907885,2024-08-15,-1,2025-05-19 20:00:54.591,,,"2026",D2606,JANUVIA,SITAGLIPTIN,"000060277",,113.000000,351.710000,Added,Added alongside IPAY2026 MFP announcement
526,"00006027774",2026-01-01,,3.907885,2024-08-15,-1,2025-05-19 20:00:54.820,,,"2026",D2606,JANUVIA,SITAGLIPTIN,"000060277",,113.000000,1953.940000,Added,Added alongside IPAY2026 MFP announcement
527,"00006027782",2026-01-01,,3.907885,2024-08-15,-1,2025-05-19 20:00:55.046,,,"2026",D2606,JANUVIA,SITAGLIPTIN,"000060277",,113.000000,3907.880000,Added,Added alongside IPAY2026 MFP announcement
528,"00597015230",2026-01-01,,6.793978,2024-08-15,-1,2025-05-19 20:00:55.289,,,"2026",D2607,JARDIANCE,EMPAGLIFLOZIN,"005970152",,197.000000,203.820000,Added,Added alongside IPAY2026 MFP announcement
529,"00597015237",2026-01-01,,6.793978,2024-08-15,-1,2025-05-19 20:00:55.514,,,"2026",D2607,JARDIANCE,EMPAGLIFLOZIN,"005970152",,197.000000,203.820000,Added,Added alongside IPAY2026 MFP announcement
530,"00597015290",2026-01-01,,6.793978,2024-08-15,-1,2025-05-19 20:00:55.762,,,"2026",D2607,JARDIANCE,EMPAGLIFLOZIN,"005970152",,197.000000,611.460000,Added,Added alongside IPAY2026 MFP announcement
531,"00597015330",2026-01-01,,6.793978,2024-08-15,-1,2025-05-19 20:00:55.989,,,"2026",D2607,JARDIANCE,EMPAGLIFLOZIN,"005970153",,197.000000,203.820000,Added,Added alongside IPAY2026 MFP announcement
532,"00597015337",2026-01-01,,6.793978,2024-08-15,-1,2025-05-19 20:00:56.229,,,"2026",D2607,JARDIANCE,EMPAGLIFLOZIN,"005970153",,197.000000,203.820000,Added,Added alongside IPAY2026 MFP announcement
533,"00597015390",2026-01-01,,6.793978,2024-08-15,-1,2025-05-19 20:00:56.454,,,"2026",D2607,JARDIANCE,EMPAGLIFLOZIN,"005970153",,197.000000,611.460000,Added,Added alongside IPAY2026 MFP announcement
534,"00169210011",2026-01-01,,6.956927,2024-08-15,-1,2025-05-19 20:00:56.717,,,"2026",D2608,NOVOLOG; NOVOLOG FLEXPEN; NOVOLOG PENFILL; FIASP; FIASP FLEXTOUCH; FIASP PENFILL,"INSULIN ASPART, HUMAN","001692100",,119.000000,69.570000,Added,Added alongside IPAY2026 MFP announcement
535,"00169210112",2026-01-01,,8.956984,2024-08-15,-1,2025-05-19 20:00:56.940,,,"2026",D2608,NOVOLOG; NOVOLOG FLEXPEN; NOVOLOG PENFILL; FIASP; FIASP FLEXTOUCH; FIASP PENFILL,"INSULIN ASPART, HUMAN","001692101",,119.000000,26.870000,Added,Added alongside IPAY2026 MFP announcement
536,"00169210125",2026-01-01,,8.956984,2024-08-15,-1,2025-05-19 20:00:57.185,,,"2026",D2608,NOVOLOG; NOVOLOG FLEXPEN; NOVOLOG PENFILL; FIASP; FIASP FLEXTOUCH; FIASP PENFILL,"INSULIN ASPART, HUMAN","001692101",,119.000000,134.350000,Added,Added alongside IPAY2026 MFP announcement
537,"00169320111",2026-01-01,,6.956927,2024-08-15,-1,2025-05-19 20:00:57.408,,,"2026",D2608,NOVOLOG; NOVOLOG FLEXPEN; NOVOLOG PENFILL; FIASP; FIASP FLEXTOUCH; FIASP PENFILL,"INSULIN ASPART, HUMAN","001693201",,119.000000,69.570000,Added,Added alongside IPAY2026 MFP announcement
538,"00169320415",2026-01-01,,8.956984,2024-08-15,-1,2025-05-19 20:00:57.651,,,"2026",D2608,NOVOLOG; NOVOLOG FLEXPEN; NOVOLOG PENFILL; FIASP; FIASP FLEXTOUCH; FIASP PENFILL,"INSULIN ASPART, HUMAN","001693204",,119.000000,134.350000,Added,Added alongside IPAY2026 MFP announcement
539,"00169320511",2026-01-01,,8.613224,2024-08-15,-1,2025-05-19 20:00:57.874,,,"2026",D2608,NOVOLOG; NOVOLOG FLEXPEN; NOVOLOG PENFILL; FIASP; FIASP FLEXTOUCH; FIASP PENFILL,"INSULIN ASPART, HUMAN","001693205",,119.000000,25.840000,Added,Added alongside IPAY2026 MFP announcement
540,"00169320515",2026-01-01,,8.613224,2024-08-15,-1,2025-05-19 20:00:58.099,,,"2026",D2608,NOVOLOG; NOVOLOG FLEXPEN; NOVOLOG PENFILL; FIASP; FIASP FLEXTOUCH; FIASP PENFILL,"INSULIN ASPART, HUMAN","001693205",,119.000000,129.200000,Added,Added alongside IPAY2026 MFP announcement
541,"00169320611",2026-01-01,,6.956927,2024-08-15,-1,2025-05-19 20:00:58.337,,,"2026",D2608,NOVOLOG; NOVOLOG FLEXPEN; NOVOLOG PENFILL; FIASP; FIASP FLEXTOUCH; FIASP PENFILL,"INSULIN ASPART, HUMAN","001693206",,119.000000,11.130000,Added,Added alongside IPAY2026 MFP announcement
542,"00169320615",2026-01-01,,6.956927,2024-08-15,-1,2025-05-19 20:00:58.585,,,"2026",D2608,NOVOLOG; NOVOLOG FLEXPEN; NOVOLOG PENFILL; FIASP; FIASP FLEXTOUCH; FIASP PENFILL,"INSULIN ASPART, HUMAN","001693206",,119.000000,55.660000,Added,Added alongside IPAY2026 MFP announcement
543,"00169330312",2026-01-01,,8.613224,2024-08-15,-1,2025-05-19 20:00:58.822,,,"2026",D2608,NOVOLOG; NOVOLOG FLEXPEN; NOVOLOG PENFILL; FIASP; FIASP FLEXTOUCH; FIASP PENFILL,"INSULIN ASPART, HUMAN","001693303",,119.000000,129.200000,Added,Added alongside IPAY2026 MFP announcement
544,"00169633910",2026-01-01,,8.956984,2024-08-15,-1,2025-05-19 20:00:59.047,,,"2026",D2608,NOVOLOG; NOVOLOG FLEXPEN; NOVOLOG PENFILL; FIASP; FIASP FLEXTOUCH; FIASP PENFILL,"INSULIN ASPART, HUMAN","001696339",,119.000000,134.350000,Added,Added alongside IPAY2026 MFP announcement
545,"00169750111",2026-01-01,,6.956927,2024-08-15,-1,2025-05-19 20:00:59.290,,,"2026",D2608,NOVOLOG; NOVOLOG FLEXPEN; NOVOLOG PENFILL; FIASP; FIASP FLEXTOUCH; FIASP PENFILL,"INSULIN ASPART, HUMAN","001697501",,119.000000,69.570000,Added,Added alongside IPAY2026 MFP announcement
546,"73070010011",2026-01-01,,3.478464,2024-08-15,-1,2025-05-19 20:00:59.518,,,"2026",D2608,NOVOLOG; NOVOLOG FLEXPEN; NOVOLOG PENFILL; FIASP; FIASP FLEXTOUCH; FIASP PENFILL,"INSULIN ASPART, HUMAN","730700100",,119.000000,34.780000,Added,Added alongside IPAY2026 MFP announcement
547,"73070010210",2026-01-01,,4.307814,2024-08-15,-1,2025-05-19 20:00:59.767,,,"2026",D2608,NOVOLOG; NOVOLOG FLEXPEN; NOVOLOG PENFILL; FIASP; FIASP FLEXTOUCH; FIASP PENFILL,"INSULIN ASPART, HUMAN","730700102",,119.000000,12.920000,Added,Added alongside IPAY2026 MFP announcement
548,"73070010215",2026-01-01,,4.307814,2024-08-15,-1,2025-05-19 20:00:59.990,,,"2026",D2608,NOVOLOG; NOVOLOG FLEXPEN; NOVOLOG PENFILL; FIASP; FIASP FLEXTOUCH; FIASP PENFILL,"INSULIN ASPART, HUMAN","730700102",,119.000000,64.620000,Added,Added alongside IPAY2026 MFP announcement
549,"73070010310",2026-01-01,,4.478492,2024-08-15,-1,2025-05-19 20:01:00.244,,,"2026",D2608,NOVOLOG; NOVOLOG FLEXPEN; NOVOLOG PENFILL; FIASP; FIASP FLEXTOUCH; FIASP PENFILL,"INSULIN ASPART, HUMAN","730700103",,119.000000,13.440000,Added,Added alongside IPAY2026 MFP announcement
550,"73070010315",2026-01-01,,4.478492,2024-08-15,-1,2025-05-19 20:01:00.470,,,"2026",D2608,NOVOLOG; NOVOLOG FLEXPEN; NOVOLOG PENFILL; FIASP; FIASP FLEXTOUCH; FIASP PENFILL,"INSULIN ASPART, HUMAN","730700103",,119.000000,67.180000,Added,Added alongside IPAY2026 MFP announcement
551,"57894005427",2026-01-01,,25.108135,2024-08-15,-1,2025-05-19 20:01:00.701,,,"2026",D2609,STELARA,USTEKINUMAB,"578940054",,4695.000000,652.810000,Added,Added alongside IPAY2026 MFP announcement
552,"57894006002",2026-01-01,,8979.645026,2024-08-15,-1,2025-05-19 20:01:00.931,,,"2026",D2609,STELARA,USTEKINUMAB,"578940060",,4695.000000,4489.820000,Added,Added alongside IPAY2026 MFP announcement
553,"57894006003",2026-01-01,,8979.645026,2024-08-15,-1,2025-05-19 20:01:01.153,,,"2026",D2609,STELARA,USTEKINUMAB,"578940060",,4695.000000,4489.820000,Added,Added alongside IPAY2026 MFP announcement
554,"57894006102",2026-01-01,,8980.144587,2024-08-15,-1,2025-05-19 20:01:01.400,,,"2026",D2609,STELARA,USTEKINUMAB,"578940061",,4695.000000,8980.140000,Added,Added alongside IPAY2026 MFP announcement
555,"57894006103",2026-01-01,,8980.144587,2024-08-15,-1,2025-05-19 20:01:01.655,,,"2026",D2609,STELARA,USTEKINUMAB,"578940061",,4695.000000,8980.140000,Added,Added alongside IPAY2026 MFP announcement
556,"50458057501",2026-01-01,,1.329054,2024-08-15,-1,2025-05-19 20:01:01.881,,,"2026",D2610,XARELTO,RIVAROXABAN,"504580575",,197.000000,206.000000,Added,Added alongside IPAY2026 MFP announcement
557,"50458057701",2026-01-01,,3.437073,2024-08-15,-1,2025-05-19 20:01:02.107,,,"2026",D2610,XARELTO,RIVAROXABAN,"504580577",,197.000000,34.370000,Added,Added alongside IPAY2026 MFP announcement
558,"50458057710",2026-01-01,,3.437073,2024-08-15,-1,2025-05-19 20:01:02.352,,,"2026",D2610,XARELTO,RIVAROXABAN,"504580577",,197.000000,343.710000,Added,Added alongside IPAY2026 MFP announcement
559,"50458057718",2026-01-01,,3.437073,2024-08-15,-1,2025-05-19 20:01:02.587,,,"2026",D2610,XARELTO,RIVAROXABAN,"504580577",,197.000000,618.670000,Added,Added alongside IPAY2026 MFP announcement
560,"50458057760",2026-01-01,,3.437073,2024-08-15,-1,2025-05-19 20:01:02.816,,,"2026",D2610,XARELTO,RIVAROXABAN,"504580577",,197.000000,206.220000,Added,Added alongside IPAY2026 MFP announcement
561,"50458057801",2026-01-01,,6.875115,2024-08-15,-1,2025-05-19 20:01:03.041,,,"2026",D2610,XARELTO,RIVAROXABAN,"504580578",,197.000000,68.750000,Added,Added alongside IPAY2026 MFP announcement
562,"50458057810",2026-01-01,,6.875115,2024-08-15,-1,2025-05-19 20:01:03.277,,,"2026",D2610,XARELTO,RIVAROXABAN,"504580578",,197.000000,687.510000,Added,Added alongside IPAY2026 MFP announcement
563,"50458057830",2026-01-01,,6.875115,2024-08-15,-1,2025-05-19 20:01:03.497,,,"2026",D2610,XARELTO,RIVAROXABAN,"504580578",,197.000000,206.250000,Added,Added alongside IPAY2026 MFP announcement
564,"50458057890",2026-01-01,,6.875115,2024-08-15,-1,2025-05-19 20:01:03.744,,,"2026",D2610,XARELTO,RIVAROXABAN,"504580578",,197.000000,618.760000,Added,Added alongside IPAY2026 MFP announcement
565,"50458057901",2026-01-01,,6.880894,2024-08-15,-1,2025-05-19 20:01:03.968,,,"2026",D2610,XARELTO,RIVAROXABAN,"504580579",,197.000000,68.810000,Added,Added alongside IPAY2026 MFP announcement
566,"50458057910",2026-01-01,,6.880894,2024-08-15,-1,2025-05-19 20:01:04.200,,,"2026",D2610,XARELTO,RIVAROXABAN,"504580579",,197.000000,688.090000,Added,Added alongside IPAY2026 MFP announcement
567,"50458057930",2026-01-01,,6.880894,2024-08-15,-1,2025-05-19 20:01:04.425,,,"2026",D2610,XARELTO,RIVAROXABAN,"504580579",,197.000000,206.430000,Added,Added alongside IPAY2026 MFP announcement
568,"50458057989",2026-01-01,,6.880894,2024-08-15,-1,2025-05-19 20:01:04.657,,,"2026",D2610,XARELTO,RIVAROXABAN,"504580579",,197.000000,6880.890000,Added,Added alongside IPAY2026 MFP announcement
569,"50458057990",2026-01-01,,6.880894,2024-08-15,-1,2025-05-19 20:01:04.881,,,"2026",D2610,XARELTO,RIVAROXABAN,"504580579",,197.000000,619.280000,Added,Added alongside IPAY2026 MFP announcement
570,"50458058001",2026-01-01,,6.871878,2024-08-15,-1,2025-05-19 20:01:05.117,,,"2026",D2610,XARELTO,RIVAROXABAN,"504580580",,197.000000,68.720000,Added,Added alongside IPAY2026 MFP announcement
571,"50458058010",2026-01-01,,6.871878,2024-08-15,-1,2025-05-19 20:01:05.364,,,"2026",D2610,XARELTO,RIVAROXABAN,"504580580",,197.000000,687.190000,Added,Added alongside IPAY2026 MFP announcement
572,"50458058030",2026-01-01,,6.871878,2024-08-15,-1,2025-05-19 20:01:05.592,,,"2026",D2610,XARELTO,RIVAROXABAN,"504580580",,197.000000,206.160000,Added,Added alongside IPAY2026 MFP announcement
573,"50458058090",2026-01-01,,6.871878,2024-08-15,-1,2025-05-19 20:01:05.821,,,"2026",D2610,XARELTO,RIVAROXABAN,"504580580",,197.000000,618.470000,Added,Added alongside IPAY2026 MFP announcement
574,"50458058451",2026-01-01,,6.852658,2024-08-15,-1,2025-05-19 20:01:06.045,,,"2026",D2610,XARELTO,RIVAROXABAN,"504580584",,197.000000,349.490000,Added,Added alongside IPAY2026 MFP announcement
575,"55154142200",2026-01-01,,6.871878,2024-08-15,-1,2025-05-19 20:01:06.294,,,"2026",D2610,XARELTO,RIVAROXABAN,"551541422",,197.000000,68.720000,Added,Added alongside IPAY2026 MFP announcement
576,"55154142308",2026-01-01,,6.880894,2024-08-15,-1,2025-05-19 20:01:06.518,,,"2026",D2610,XARELTO,RIVAROXABAN,"551541423",,197.000000,30551.170000,Added,Added alongside IPAY2026 MFP announcement
577,"55154142400",2026-01-01,,6.875115,2024-08-15,-1,2025-05-19 20:01:06.760,,,"2026",D2610,XARELTO,RIVAROXABAN,"551541424",,197.000000,68.750000,Added,Added alongside IPAY2026 MFP announcement
578,"55154142408",2026-01-01,,6.875115,2024-08-15,-1,2025-05-19 20:01:06.992,,,"2026",D2610,XARELTO,RIVAROXABAN,"551541424",,197.000000,14231.490000,Added,Added alongside IPAY2026 MFP announcement
