{
 "Resources": {
  "role1521B9517": {
   "Type": "AWS::IAM::Role",
   "Properties": {
    "AssumeRolePolicyDocument": {
     "Statement": [
      {
       "Action": "sts:AssumeRole",
       "Effect": "Allow",
       "Principal": {
        "Service": "sagemaker.amazonaws.com"
       }
      }
     ],
     "Version": "2012-10-17"
    },
    "ManagedPolicyArns": [
     {
      "Fn::Join": [
       "",
       [
        "arn:",
        {
         "Ref": "AWS::Partition"
        },
        ":iam::aws:policy/AmazonSageMakerFullAccess"
       ]
      ]
     }
    ],
    "RoleName": "role1"
   },
   "Metadata": {
    "aws:cdk:path": "CdkJavaStack/role1/Resource"
   }
  },
  "role1DefaultPolicy3CA5E261": {
   "Type": "AWS::IAM::Policy",
   "Properties": {
    "PolicyDocument": {
     "Statement": [
      {
       "Action": [
        "ec2:*",
        "s3:*"
       ],
       "Effect": "Allow",
       "Resource": "*"
      }
     ],
     "Version": "2012-10-17"
    },
    "PolicyName": "role1DefaultPolicy3CA5E261",
    "Roles": [
     {
      "Ref": "role1521B9517"
     }
    ]
   },
   "Metadata": {
    "aws:cdk:path": "CdkJavaStack/role1/DefaultPolicy/Resource"
   }
  },
  "role2F49E69BA": {
   "Type": "AWS::IAM::Role",
   "Properties": {
    "AssumeRolePolicyDocument": {
     "Statement": [
      {
       "Action": "sts:AssumeRole",
       "Effect": "Allow",
       "Principal": {
        "Service": "sagemaker.amazonaws.com"
       }
      }
     ],
     "Version": "2012-10-17"
    },
    "ManagedPolicyArns": [
     {
      "Fn::Join": [
       "",
       [
        "arn:",
        {
         "Ref": "AWS::Partition"
        },
        ":iam::aws:policy/AmazonSageMakerFullAccess"
       ]
      ]
     }
    ],
    "RoleName": "role2"
   },
   "Metadata": {
    "aws:cdk:path": "CdkJavaStack/role2/Resource"
   }
  },
  "role2DefaultPolicy699B2297": {
   "Type": "AWS::IAM::Policy",
   "Properties": {
    "PolicyDocument": {
     "Statement": [
      {
       "Action": [
        "ec2:*",
        "s3:*"
       ],
       "Effect": "Allow",
       "Resource": "*"
      }
     ],
     "Version": "2012-10-17"
    },
    "PolicyName": "role2DefaultPolicy699B2297",
    "Roles": [
     {
      "Ref": "role2F49E69BA"
     }
    ]
   },
   "Metadata": {
    "aws:cdk:path": "CdkJavaStack/role2/DefaultPolicy/Resource"
   }
  },
  "role3FB6328D3": {
   "Type": "AWS::IAM::Role",
   "Properties": {
    "AssumeRolePolicyDocument": {
     "Statement": [
      {
       "Action": "sts:AssumeRole",
       "Effect": "Allow",
       "Principal": {
        "Service": "sagemaker.amazonaws.com"
       }
      }
     ],
     "Version": "2012-10-17"
    },
    "ManagedPolicyArns": [
     {
      "Fn::Join": [
       "",
       [
        "arn:",
        {
         "Ref": "AWS::Partition"
        },
        ":iam::aws:policy/AmazonSageMakerFullAccess"
       ]
      ]
     }
    ],
    "RoleName": "role3"
   },
   "Metadata": {
    "aws:cdk:path": "CdkJavaStack/role3/Resource"
   }
  },
  "role3DefaultPolicy9933D00B": {
   "Type": "AWS::IAM::Policy",
   "Properties": {
    "PolicyDocument": {
     "Statement": [
      {
       "Action": [
        "ec2:*",
        "s3:*"
       ],
       "Effect": "Allow",
       "Resource": "*"
      }
     ],
     "Version": "2012-10-17"
    },
    "PolicyName": "role3DefaultPolicy9933D00B",
    "Roles": [
     {
      "Ref": "role3FB6328D3"
     }
    ]
   },
   "Metadata": {
    "aws:cdk:path": "CdkJavaStack/role3/DefaultPolicy/Resource"
   }
  },
  "group1": {
   "Type": "AWS::IAM::Group",
   "Properties": {
    "GroupName": "group1",
    "ManagedPolicyArns": [
     "arn:aws:iam::aws:policy/AmazonSageMakerFullAccess"
    ],
    "Policies": [
     {
      "PolicyDocument": {
       "Statement": [
        {
         "Action": [
          "ec2:*",
          "s3:*",
          "sagemaker:*"
         ],
         "Effect": "Allow",
         "Resource": "*"
        }
       ],
       "Version": "2012-10-17"
      },
      "PolicyName": "policygroup1"
     },
     {
      "PolicyDocument": {
       "Statement": [
        {
         "Action": "sts:AssumeRole",
         "Effect": "Allow",
         "Resource": "arn:aws:iam::080266302756:role/role1"
        }
       ],
       "Version": "2012-10-17"
      },
      "PolicyName": "assumerolegroup"
     }
    ]
   },
   "Metadata": {
    "aws:cdk:path": "CdkJavaStack/group1"
   }
  },
  "group2": {
   "Type": "AWS::IAM::Group",
   "Properties": {
    "GroupName": "group2",
    "Policies": [
     {
      "PolicyDocument": {
       "Statement": [
        {
         "Action": [
          "eks:*",
          "iam:*"
         ],
         "Effect": "Allow",
         "Resource": "*"
        }
       ],
       "Version": "2012-10-17"
      },
      "PolicyName": "policygroup2"
     }
    ]
   },
   "Metadata": {
    "aws:cdk:path": "CdkJavaStack/group2"
   }
  },
  "group3": {
   "Type": "AWS::IAM::Group",
   "Properties": {
    "GroupName": "group3",
    "Policies": [
     {
      "PolicyDocument": {
       "Statement": [
        {
         "Action": [
          "eks:*",
          "iam:*"
         ],
         "Effect": "Allow",
         "Resource": "*"
        }
       ],
       "Version": "2012-10-17"
      },
      "PolicyName": "policygroup3"
     }
    ]
   },
   "Metadata": {
    "aws:cdk:path": "CdkJavaStack/group3"
   }
  },
  "group4": {
   "Type": "AWS::IAM::Group",
   "Properties": {
    "GroupName": "group4",
    "Policies": [
     {
      "PolicyDocument": {
       "Statement": [
        {
         "Action": [
          "eks:*",
          "iam:*"
         ],
         "Effect": "Allow",
         "Resource": "*"
        }
       ],
       "Version": "2012-10-17"
      },
      "PolicyName": "policygroup4"
     }
    ]
   },
   "Metadata": {
    "aws:cdk:path": "CdkJavaStack/group4"
   }
  },
  "group5": {
   "Type": "AWS::IAM::Group",
   "Properties": {
    "GroupName": "group5",
    "Policies": [
     {
      "PolicyDocument": {
       "Statement": [
        {
         "Action": [
          "eks:*",
          "iam:*"
         ],
         "Effect": "Allow",
         "Resource": "*"
        }
       ],
       "Version": "2012-10-17"
      },
      "PolicyName": "policygroup5"
     }
    ]
   },
   "Metadata": {
    "aws:cdk:path": "CdkJavaStack/group5"
   }
  },
  "user1": {
   "Type": "AWS::IAM::User",
   "Properties": {
    "UserName": "user1"
   },
   "Metadata": {
    "aws:cdk:path": "CdkJavaStack/user1"
   }
  },
  "user2": {
   "Type": "AWS::IAM::User",
   "Properties": {
    "UserName": "user2"
   },
   "Metadata": {
    "aws:cdk:path": "CdkJavaStack/user2"
   }
  },
  "user3": {
   "Type": "AWS::IAM::User",
   "Properties": {
    "UserName": "user3"
   },
   "Metadata": {
    "aws:cdk:path": "CdkJavaStack/user3"
   }
  },
  "user6": {
   "Type": "AWS::IAM::User",
   "Properties": {
    "UserName": "user6"
   },
   "Metadata": {
    "aws:cdk:path": "CdkJavaStack/user6"
   }
  },
  "user7": {
   "Type": "AWS::IAM::User",
   "Properties": {
    "UserName": "user7"
   },
   "Metadata": {
    "aws:cdk:path": "CdkJavaStack/user7"
   }
  },
  "MyCfnUserToGroupAdditiongroup1": {
   "Type": "AWS::IAM::UserToGroupAddition",
   "Properties": {
    "GroupName": "group1",
    "Users": [
     "user1",
     "user2",
     "user3"
    ]
   },
   "DependsOn": [
    "group1",
    "user1",
    "user2",
    "user3"
   ],
   "Metadata": {
    "aws:cdk:path": "CdkJavaStack/MyCfnUserToGroupAdditiongroup1"
   }
  },
  "MyCfnUserToGroupAdditiongroup2": {
   "Type": "AWS::IAM::UserToGroupAddition",
   "Properties": {
    "GroupName": "group2",
    "Users": [
     "user1",
     "user2",
     "user3"
    ]
   },
   "DependsOn": [
    "group2",
    "user1",
    "user2",
    "user3"
   ],
   "Metadata": {
    "aws:cdk:path": "CdkJavaStack/MyCfnUserToGroupAdditiongroup2"
   }
  },
  "MyCfnUserToGroupAdditiongroup3": {
   "Type": "AWS::IAM::UserToGroupAddition",
   "Properties": {
    "GroupName": "group3",
    "Users": [
     "user1",
     "user2"
    ]
   },
   "DependsOn": [
    "group3",
    "user1",
    "user2"
   ],
   "Metadata": {
    "aws:cdk:path": "CdkJavaStack/MyCfnUserToGroupAdditiongroup3"
   }
  },
  "MyCfnUserToGroupAdditiongroup4": {
   "Type": "AWS::IAM::UserToGroupAddition",
   "Properties": {
    "GroupName": "group4",
    "Users": [
     "user1",
     "user2",
     "user3"
    ]
   },
   "DependsOn": [
    "group4",
    "user1",
    "user2",
    "user3"
   ],
   "Metadata": {
    "aws:cdk:path": "CdkJavaStack/MyCfnUserToGroupAdditiongroup4"
   }
  },
  "MyCfnUserToGroupAdditiongroup5": {
   "Type": "AWS::IAM::UserToGroupAddition",
   "Properties": {
    "GroupName": "group5",
    "Users": [
     "user1",
     "user2",
     "user3"
    ]
   },
   "DependsOn": [
    "group5",
    "user1",
    "user2",
    "user3"
   ],
   "Metadata": {
    "aws:cdk:path": "CdkJavaStack/MyCfnUserToGroupAdditiongroup5"
   }
  },
  "CDKMetadata": {
   "Type": "AWS::CDK::Metadata",
   "Properties": {
    "Analytics": "v2:deflate64:H4sIAAAAAAAA/zPSMzHXM1BMLC/WTU7J1s3JTNKrDi5JTM7WAQrFZybm6lUH5eek6jin5YHpgPyczORKEBfBci/KLy0AMUKLU4tgdEg+WNgxJSWzJDM/rxZsQmpxfmlRcmqtjldiWaK+oaGegZ6hhWJWcWamblFpXklmbqpeEIQGAE/XLDiYAAAA"
   },
   "Metadata": {
    "aws:cdk:path": "CdkJavaStack/CDKMetadata/Default"
   }
  }
 },
 "Parameters": {
  "BootstrapVersion": {
   "Type": "AWS::SSM::Parameter::Value<String>",
   "Default": "/cdk-bootstrap/hnb659fds/version",
   "Description": "Version of the CDK Bootstrap resources in this environment, automatically retrieved from SSM Parameter Store. [cdk:skip]"
  }
 },
 "Rules": {
  "CheckBootstrapVersion": {
   "Assertions": [
    {
     "Assert": {
      "Fn::Not": [
       {
        "Fn::Contains": [
         [
          "1",
          "2",
          "3",
          "4",
          "5"
         ],
         {
          "Ref": "BootstrapVersion"
         }
        ]
       }
      ]
     },
     "AssertDescription": "CDK bootstrap stack version 6 required. Please run 'cdk bootstrap' with a recent version of the CDK CLI."
    }
   ]
  }
 }
}