{
  "version": "21.0.0",
  "files": {
    "4bd72d13b76efd1192f8b06936dcd206330c32afea22cfec1d1bdc179c14fbc5": {
      "source": {
        "path": "CdkJavaStack.template.json",
        "packaging": "file"
      },
      "destinations": {
        "080266302756-us-east-1": {
          "bucketName": "cdk-hnb659fds-assets-080266302756-us-east-1",
          "objectKey": "4bd72d13b76efd1192f8b06936dcd206330c32afea22cfec1d1bdc179c14fbc5.json",
          "region": "us-east-1",
          "assumeRoleArn": "arn:${AWS::Partition}:iam::080266302756:role/cdk-hnb659fds-file-publishing-role-080266302756-us-east-1"
        }
      }
    }
  },
  "dockerImages": {}
}