{
  "version": "tree-0.1",
  "tree": {
    "id": "App",
    "path": "",
    "children": {
      "Tree": {
        "id": "Tree",
        "path": "Tree",
        "constructInfo": {
          "fqn": "constructs.Construct",
          "version": "10.1.232"
        }
      },
      "CdkJavaStack": {
        "id": "CdkJavaStack",
        "path": "CdkJavaStack",
        "children": {
          "role1": {
            "id": "role1",
            "path": "CdkJavaStack/role1",
            "children": {
              "Resource": {
                "id": "Resource",
                "path": "CdkJavaStack/role1/Resource",
                "attributes": {
                  "aws:cdk:cloudformation:type": "AWS::IAM::Role",
                  "aws:cdk:cloudformation:props": {
                    "assumeRolePolicyDocument": {
                      "Statement": [
                        {
                          "Action": "sts:AssumeRole",
                          "Effect": "Allow",
                          "Principal": {
                            "Service": "sagemaker.amazonaws.com"
                          }
                        }
                      ],
                      "Version": "2012-10-17"
                    },
                    "managedPolicyArns": [
                      {
                        "Fn::Join": [
                          "",
                          [
                            "arn:",
                            {
                              "Ref": "AWS::Partition"
                            },
                            ":iam::aws:policy/AmazonSageMakerFullAccess"
                          ]
                        ]
                      }
                    ],
                    "roleName": "role1"
                  }
                },
                "constructInfo": {
                  "fqn": "aws-cdk-lib.aws_iam.CfnRole",
                  "version": "2.47.0"
                }
              },
              "DefaultPolicy": {
                "id": "DefaultPolicy",
                "path": "CdkJavaStack/role1/DefaultPolicy",
                "children": {
                  "Resource": {
                    "id": "Resource",
                    "path": "CdkJavaStack/role1/DefaultPolicy/Resource",
                    "attributes": {
                      "aws:cdk:cloudformation:type": "AWS::IAM::Policy",
                      "aws:cdk:cloudformation:props": {
                        "policyDocument": {
                          "Statement": [
                            {
                              "Action": [
                                "ec2:*",
                                "s3:*"
                              ],
                              "Effect": "Allow",
                              "Resource": "*"
                            }
                          ],
                          "Version": "2012-10-17"
                        },
                        "policyName": "role1DefaultPolicy3CA5E261",
                        "roles": [
                          {
                            "Ref": "role1521B9517"
                          }
                        ]
                      }
                    },
                    "constructInfo": {
                      "fqn": "aws-cdk-lib.aws_iam.CfnPolicy",
                      "version": "2.47.0"
                    }
                  }
                },
                "constructInfo": {
                  "fqn": "aws-cdk-lib.aws_iam.Policy",
                  "version": "2.47.0"
                }
              }
            },
            "constructInfo": {
              "fqn": "aws-cdk-lib.aws_iam.Role",
              "version": "2.47.0"
            }
          },
          "role2": {
            "id": "role2",
            "path": "CdkJavaStack/role2",
            "children": {
              "Resource": {
                "id": "Resource",
                "path": "CdkJavaStack/role2/Resource",
                "attributes": {
                  "aws:cdk:cloudformation:type": "AWS::IAM::Role",
                  "aws:cdk:cloudformation:props": {
                    "assumeRolePolicyDocument": {
                      "Statement": [
                        {
                          "Action": "sts:AssumeRole",
                          "Effect": "Allow",
                          "Principal": {
                            "Service": "sagemaker.amazonaws.com"
                          }
                        }
                      ],
                      "Version": "2012-10-17"
                    },
                    "managedPolicyArns": [
                      {
                        "Fn::Join": [
                          "",
                          [
                            "arn:",
                            {
                              "Ref": "AWS::Partition"
                            },
                            ":iam::aws:policy/AmazonSageMakerFullAccess"
                          ]
                        ]
                      }
                    ],
                    "roleName": "role2"
                  }
                },
                "constructInfo": {
                  "fqn": "aws-cdk-lib.aws_iam.CfnRole",
                  "version": "2.47.0"
                }
              },
              "DefaultPolicy": {
                "id": "DefaultPolicy",
                "path": "CdkJavaStack/role2/DefaultPolicy",
                "children": {
                  "Resource": {
                    "id": "Resource",
                    "path": "CdkJavaStack/role2/DefaultPolicy/Resource",
                    "attributes": {
                      "aws:cdk:cloudformation:type": "AWS::IAM::Policy",
                      "aws:cdk:cloudformation:props": {
                        "policyDocument": {
                          "Statement": [
                            {
                              "Action": [
                                "ec2:*",
                                "s3:*"
                              ],
                              "Effect": "Allow",
                              "Resource": "*"
                            }
                          ],
                          "Version": "2012-10-17"
                        },
                        "policyName": "role2DefaultPolicy699B2297",
                        "roles": [
                          {
                            "Ref": "role2F49E69BA"
                          }
                        ]
                      }
                    },
                    "constructInfo": {
                      "fqn": "aws-cdk-lib.aws_iam.CfnPolicy",
                      "version": "2.47.0"
                    }
                  }
                },
                "constructInfo": {
                  "fqn": "aws-cdk-lib.aws_iam.Policy",
                  "version": "2.47.0"
                }
              }
            },
            "constructInfo": {
              "fqn": "aws-cdk-lib.aws_iam.Role",
              "version": "2.47.0"
            }
          },
          "role3": {
            "id": "role3",
            "path": "CdkJavaStack/role3",
            "children": {
              "Resource": {
                "id": "Resource",
                "path": "CdkJavaStack/role3/Resource",
                "attributes": {
                  "aws:cdk:cloudformation:type": "AWS::IAM::Role",
                  "aws:cdk:cloudformation:props": {
                    "assumeRolePolicyDocument": {
                      "Statement": [
                        {
                          "Action": "sts:AssumeRole",
                          "Effect": "Allow",
                          "Principal": {
                            "Service": "sagemaker.amazonaws.com"
                          }
                        }
                      ],
                      "Version": "2012-10-17"
                    },
                    "managedPolicyArns": [
                      {
                        "Fn::Join": [
                          "",
                          [
                            "arn:",
                            {
                              "Ref": "AWS::Partition"
                            },
                            ":iam::aws:policy/AmazonSageMakerFullAccess"
                          ]
                        ]
                      }
                    ],
                    "roleName": "role3"
                  }
                },
                "constructInfo": {
                  "fqn": "aws-cdk-lib.aws_iam.CfnRole",
                  "version": "2.47.0"
                }
              },
              "DefaultPolicy": {
                "id": "DefaultPolicy",
                "path": "CdkJavaStack/role3/DefaultPolicy",
                "children": {
                  "Resource": {
                    "id": "Resource",
                    "path": "CdkJavaStack/role3/DefaultPolicy/Resource",
                    "attributes": {
                      "aws:cdk:cloudformation:type": "AWS::IAM::Policy",
                      "aws:cdk:cloudformation:props": {
                        "policyDocument": {
                          "Statement": [
                            {
                              "Action": [
                                "ec2:*",
                                "s3:*"
                              ],
                              "Effect": "Allow",
                              "Resource": "*"
                            }
                          ],
                          "Version": "2012-10-17"
                        },
                        "policyName": "role3DefaultPolicy9933D00B",
                        "roles": [
                          {
                            "Ref": "role3FB6328D3"
                          }
                        ]
                      }
                    },
                    "constructInfo": {
                      "fqn": "aws-cdk-lib.aws_iam.CfnPolicy",
                      "version": "2.47.0"
                    }
                  }
                },
                "constructInfo": {
                  "fqn": "aws-cdk-lib.aws_iam.Policy",
                  "version": "2.47.0"
                }
              }
            },
            "constructInfo": {
              "fqn": "aws-cdk-lib.aws_iam.Role",
              "version": "2.47.0"
            }
          },
          "group1": {
            "id": "group1",
            "path": "CdkJavaStack/group1",
            "attributes": {
              "aws:cdk:cloudformation:type": "AWS::IAM::Group",
              "aws:cdk:cloudformation:props": {
                "groupName": "group1",
                "managedPolicyArns": [
                  "arn:aws:iam::aws:policy/AmazonSageMakerFullAccess"
                ],
                "policies": [
                  {
                    "policyDocument": {
                      "Statement": [
                        {
                          "Action": [
                            "ec2:*",
                            "s3:*",
                            "sagemaker:*"
                          ],
                          "Effect": "Allow",
                          "Resource": "*"
                        }
                      ],
                      "Version": "2012-10-17"
                    },
                    "policyName": "policygroup1"
                  },
                  {
                    "policyDocument": {
                      "Statement": [
                        {
                          "Action": "sts:AssumeRole",
                          "Effect": "Allow",
                          "Resource": "arn:aws:iam::080266302756:role/role1"
                        }
                      ],
                      "Version": "2012-10-17"
                    },
                    "policyName": "assumerolegroup"
                  }
                ]
              }
            },
            "constructInfo": {
              "fqn": "aws-cdk-lib.aws_iam.CfnGroup",
              "version": "2.47.0"
            }
          },
          "group2": {
            "id": "group2",
            "path": "CdkJavaStack/group2",
            "attributes": {
              "aws:cdk:cloudformation:type": "AWS::IAM::Group",
              "aws:cdk:cloudformation:props": {
                "groupName": "group2",
                "policies": [
                  {
                    "policyDocument": {
                      "Statement": [
                        {
                          "Action": [
                            "eks:*",
                            "iam:*"
                          ],
                          "Effect": "Allow",
                          "Resource": "*"
                        }
                      ],
                      "Version": "2012-10-17"
                    },
                    "policyName": "policygroup2"
                  }
                ]
              }
            },
            "constructInfo": {
              "fqn": "aws-cdk-lib.aws_iam.CfnGroup",
              "version": "2.47.0"
            }
          },
          "group3": {
            "id": "group3",
            "path": "CdkJavaStack/group3",
            "attributes": {
              "aws:cdk:cloudformation:type": "AWS::IAM::Group",
              "aws:cdk:cloudformation:props": {
                "groupName": "group3",
                "policies": [
                  {
                    "policyDocument": {
                      "Statement": [
                        {
                          "Action": [
                            "eks:*",
                            "iam:*"
                          ],
                          "Effect": "Allow",
                          "Resource": "*"
                        }
                      ],
                      "Version": "2012-10-17"
                    },
                    "policyName": "policygroup3"
                  }
                ]
              }
            },
            "constructInfo": {
              "fqn": "aws-cdk-lib.aws_iam.CfnGroup",
              "version": "2.47.0"
            }
          },
          "group4": {
            "id": "group4",
            "path": "CdkJavaStack/group4",
            "attributes": {
              "aws:cdk:cloudformation:type": "AWS::IAM::Group",
              "aws:cdk:cloudformation:props": {
                "groupName": "group4",
                "policies": [
                  {
                    "policyDocument": {
                      "Statement": [
                        {
                          "Action": [
                            "eks:*",
                            "iam:*"
                          ],
                          "Effect": "Allow",
                          "Resource": "*"
                        }
                      ],
                      "Version": "2012-10-17"
                    },
                    "policyName": "policygroup4"
                  }
                ]
              }
            },
            "constructInfo": {
              "fqn": "aws-cdk-lib.aws_iam.CfnGroup",
              "version": "2.47.0"
            }
          },
          "group5": {
            "id": "group5",
            "path": "CdkJavaStack/group5",
            "attributes": {
              "aws:cdk:cloudformation:type": "AWS::IAM::Group",
              "aws:cdk:cloudformation:props": {
                "groupName": "group5",
                "policies": [
                  {
                    "policyDocument": {
                      "Statement": [
                        {
                          "Action": [
                            "eks:*",
                            "iam:*"
                          ],
                          "Effect": "Allow",
                          "Resource": "*"
                        }
                      ],
                      "Version": "2012-10-17"
                    },
                    "policyName": "policygroup5"
                  }
                ]
              }
            },
            "constructInfo": {
              "fqn": "aws-cdk-lib.aws_iam.CfnGroup",
              "version": "2.47.0"
            }
          },
          "user1": {
            "id": "user1",
            "path": "CdkJavaStack/user1",
            "attributes": {
              "aws:cdk:cloudformation:type": "AWS::IAM::User",
              "aws:cdk:cloudformation:props": {
                "userName": "user1"
              }
            },
            "constructInfo": {
              "fqn": "aws-cdk-lib.aws_iam.CfnUser",
              "version": "2.47.0"
            }
          },
          "user2": {
            "id": "user2",
            "path": "CdkJavaStack/user2",
            "attributes": {
              "aws:cdk:cloudformation:type": "AWS::IAM::User",
              "aws:cdk:cloudformation:props": {
                "userName": "user2"
              }
            },
            "constructInfo": {
              "fqn": "aws-cdk-lib.aws_iam.CfnUser",
              "version": "2.47.0"
            }
          },
          "user3": {
            "id": "user3",
            "path": "CdkJavaStack/user3",
            "attributes": {
              "aws:cdk:cloudformation:type": "AWS::IAM::User",
              "aws:cdk:cloudformation:props": {
                "userName": "user3"
              }
            },
            "constructInfo": {
              "fqn": "aws-cdk-lib.aws_iam.CfnUser",
              "version": "2.47.0"
            }
          },
          "user6": {
            "id": "user6",
            "path": "CdkJavaStack/user6",
            "attributes": {
              "aws:cdk:cloudformation:type": "AWS::IAM::User",
              "aws:cdk:cloudformation:props": {
                "userName": "user6"
              }
            },
            "constructInfo": {
              "fqn": "aws-cdk-lib.aws_iam.CfnUser",
              "version": "2.47.0"
            }
          },
          "user7": {
            "id": "user7",
            "path": "CdkJavaStack/user7",
            "attributes": {
              "aws:cdk:cloudformation:type": "AWS::IAM::User",
              "aws:cdk:cloudformation:props": {
                "userName": "user7"
              }
            },
            "constructInfo": {
              "fqn": "aws-cdk-lib.aws_iam.CfnUser",
              "version": "2.47.0"
            }
          },
          "MyCfnUserToGroupAdditiongroup1": {
            "id": "MyCfnUserToGroupAdditiongroup1",
            "path": "CdkJavaStack/MyCfnUserToGroupAdditiongroup1",
            "attributes": {
              "aws:cdk:cloudformation:type": "AWS::IAM::UserToGroupAddition",
              "aws:cdk:cloudformation:props": {
                "groupName": "group1",
                "users": [
                  "user1",
                  "user2",
                  "user3"
                ]
              }
            },
            "constructInfo": {
              "fqn": "aws-cdk-lib.aws_iam.CfnUserToGroupAddition",
              "version": "2.47.0"
            }
          },
          "MyCfnUserToGroupAdditiongroup2": {
            "id": "MyCfnUserToGroupAdditiongroup2",
            "path": "CdkJavaStack/MyCfnUserToGroupAdditiongroup2",
            "attributes": {
              "aws:cdk:cloudformation:type": "AWS::IAM::UserToGroupAddition",
              "aws:cdk:cloudformation:props": {
                "groupName": "group2",
                "users": [
                  "user1",
                  "user2",
                  "user3"
                ]
              }
            },
            "constructInfo": {
              "fqn": "aws-cdk-lib.aws_iam.CfnUserToGroupAddition",
              "version": "2.47.0"
            }
          },
          "MyCfnUserToGroupAdditiongroup3": {
            "id": "MyCfnUserToGroupAdditiongroup3",
            "path": "CdkJavaStack/MyCfnUserToGroupAdditiongroup3",
            "attributes": {
              "aws:cdk:cloudformation:type": "AWS::IAM::UserToGroupAddition",
              "aws:cdk:cloudformation:props": {
                "groupName": "group3",
                "users": [
                  "user1",
                  "user2"
                ]
              }
            },
            "constructInfo": {
              "fqn": "aws-cdk-lib.aws_iam.CfnUserToGroupAddition",
              "version": "2.47.0"
            }
          },
          "MyCfnUserToGroupAdditiongroup4": {
            "id": "MyCfnUserToGroupAdditiongroup4",
            "path": "CdkJavaStack/MyCfnUserToGroupAdditiongroup4",
            "attributes": {
              "aws:cdk:cloudformation:type": "AWS::IAM::UserToGroupAddition",
              "aws:cdk:cloudformation:props": {
                "groupName": "group4",
                "users": [
                  "user1",
                  "user2",
                  "user3"
                ]
              }
            },
            "constructInfo": {
              "fqn": "aws-cdk-lib.aws_iam.CfnUserToGroupAddition",
              "version": "2.47.0"
            }
          },
          "MyCfnUserToGroupAdditiongroup5": {
            "id": "MyCfnUserToGroupAdditiongroup5",
            "path": "CdkJavaStack/MyCfnUserToGroupAdditiongroup5",
            "attributes": {
              "aws:cdk:cloudformation:type": "AWS::IAM::UserToGroupAddition",
              "aws:cdk:cloudformation:props": {
                "groupName": "group5",
                "users": [
                  "user1",
                  "user2",
                  "user3"
                ]
              }
            },
            "constructInfo": {
              "fqn": "aws-cdk-lib.aws_iam.CfnUserToGroupAddition",
              "version": "2.47.0"
            }
          },
          "CDKMetadata": {
            "id": "CDKMetadata",
            "path": "CdkJavaStack/CDKMetadata",
            "children": {
              "Default": {
                "id": "Default",
                "path": "CdkJavaStack/CDKMetadata/Default",
                "constructInfo": {
                  "fqn": "aws-cdk-lib.CfnResource",
                  "version": "2.47.0"
                }
              }
            },
            "constructInfo": {
              "fqn": "constructs.Construct",
              "version": "10.1.232"
            }
          }
        },
        "constructInfo": {
          "fqn": "aws-cdk-lib.Stack",
          "version": "2.47.0"
        }
      }
    },
    "constructInfo": {
      "fqn": "aws-cdk-lib.App",
      "version": "2.47.0"
    }
  }
}